name,molecule,dosage_form,date_of_approval,company,treatment_for,url_x,molecule_url,drug_class,image,related_drugs,rating,reviews,reviews_url,Availability,Pregnancy & Lactation,CSA Schedule*,Approval History,WADA Class,most_reviewed_condition,most_reviewed_rating,n_reviews,url_y
Sitavig,acyclovir,Buccal Tablets,"April 12, 2013",BioAlliance Pharma SA,Cold Sores,https://www.drugs.com/sitavig.html,https://www.drugs.com/acyclovir.html,Purine nucleosides,https://www.drugs.com/images/pills/fio/EPH00490.JPG,"acyclovir, valacyclovir, Valtrex, Zovirax, tetracaine topical",8.5,12,https://www.drugs.com/comments/acyclovir/sitavig.html,Prescription only,Risk data available,Not a controlled drug,Drug history at FDA,,Cold Sores  ,8.5,12,https://www.drugs.com/comments/acyclovir/sitavig.html
Abilify Maintena,aripiprazole,for Extended-Release Injectable Suspension,"February 28, 2013","Otsuka Pharmaceutical Co., Ltd. and H. Lundbeck A/S","Schizophrenia, Bipolar Disorder",https://www.drugs.com/abilify-maintena.html,https://www.drugs.com/aripiprazole.html,Atypical antipsychotics,https://www.drugs.com/images/pills/custom/pill32942-1/abilify-maintena.png,"Vraylar, quetiapine, lamotrigine, aripiprazole, Abilify, Seroquel, olanzapine",6.2,62,https://www.drugs.com/comments/aripiprazole/abilify-maintena.html,Prescription only,Risk data available,Not a controlled drug,,,Schizophrenia  ,6.4,36,https://www.drugs.com/comments/aripiprazole/abilify-maintena.html
Duavee,bazedoxifene and conjugated estrogens,Tablets,"October 3, 2013",Pfizer Inc.,"Postmenopausal Symptoms, Prevention of Osteoporosis",https://www.drugs.com/duavee.html,https://www.drugs.com/mtm/bazedoxifene-and-conjugated-estrogens.html,Sex hormone combinations,,,6.5,31,https://www.drugs.com/comments/bazedoxifene-conjugated-estrogens/duavee.html,Prescription only,Risk data available,Not a controlled drug,Drug history at FDA,Anti-Doping Classification,Hot Flashes  ,7.6,14,https://www.drugs.com/comments/bazedoxifene-conjugated-estrogens/duavee.html
Simbrinza,brimonidine and brinzolamide,Ophthalmic Suspension,"April 19, 2013",Alcon,Glaucoma,https://www.drugs.com/simbrinza.html,https://www.drugs.com/mtm/brimonidine-and-brinzolamide-ophthalmic.html,Ophthalmic glaucoma agents,,,5.3,28,https://www.drugs.com/comments/brimonidine-brinzolamide-ophthalmic/simbrinza.html,Prescription only,Risk data available,Not a controlled drug,Drug history at FDA,,"Glaucoma, Open Angle  ",5.1,19,https://www.drugs.com/comments/brimonidine-brinzolamide-ophthalmic/simbrinza.html
Mirvaso,brimonidine,Topical Gel,"August 23, 2013","Galderma Laboratories, L.P.",Rosacea,https://www.drugs.com/mirvaso.html,https://www.drugs.com/mtm/brimonidine-topical.html,Topical anti-rosacea agents,,,3.2,179,https://www.drugs.com/comments/brimonidine-topical/mirvaso.html,Prescription only,Risk data available,Not a controlled drug,Drug history at FDA,,Rosacea  ,3.2,177,https://www.drugs.com/comments/brimonidine-topical/mirvaso.html
Prolensa,bromfenac,Ophthalmic Solution,"April 5, 2013",Bausch + Lomb,Postoperative Ocular Inflammation,https://www.drugs.com/mtm/bromfenac-ophthalmic.html,https://www.drugs.com/mtm/bromsite-ophthalmic.html,Prolensa,,"diclofenac ophthalmic, dexamethasone ophthalmic, ketorolac ophthalmic, prednisolone ophthalmic, Lotemax, flurbiprofen ophthalmic",8.4,13,https://www.drugs.com/comments/bromfenac-ophthalmic/,Prescription only,Risk data available,Not a controlled drug,Drug history at FDA,,Postoperative Ocular Inflammation  ,8.4,13,https://www.drugs.com/comments/bromfenac-ophthalmic/
Uceris,budesonide,,"January 14, 2013","Santarus, Inc.",Ulcerative Colitis,https://www.drugs.com/uceris.html,https://www.drugs.com/mtm/budesonide.html,Glucocorticoids,https://www.drugs.com/images/pills/nlm/680120309.jpg,,5.5,30,https://www.drugs.com/comments/budesonide/uceris.html,Prescription only,Risk data available,Not a controlled drug,Drug history at FDA,Anti-Doping Classification,Ulcerative Colitis  ,5.5,19,https://www.drugs.com/comments/budesonide/uceris.html
Zubsolv,buprenorphine and naloxone,Sublingual Tablets,"July 3, 2013",Orexo AB,Opioid Use Disorder,https://www.drugs.com/zubsolv.html,https://www.drugs.com/mtm/buprenorphine-and-naloxone-oral-sublingual.html,Narcotic analgesic combinations,https://www.drugs.com/images/pills/fio/ORX09570.JPG,"naltrexone, buprenorphine, Suboxone, buprenorphine / naloxone, Subutex, Vivitrol",7.3,125,https://www.drugs.com/comments/buprenorphine-naloxone/zubsolv.html,Prescription only,Risk data available,Moderate abuse potential,Drug history at FDA,Anti-Doping Classification,Opioid Use Disorder  ,7.4,121,https://www.drugs.com/comments/buprenorphine-naloxone/zubsolv.html
Zubsolv,buprenorphine and naloxone,Sublingual Tablets,"July 3, 2013",Orexo AB,Opioid Use Disorder,https://www.drugs.com/zubsolv.html,https://www.drugs.com/mtm/buprenorphine-and-naloxone-oral-sublingual.html,Narcotic analgesic combinations,https://www.drugs.com/images/pills/fio/ORX09570.JPG,"naltrexone, buprenorphine, Suboxone, buprenorphine / naloxone, Subutex, Vivitrol",7.3,125,https://www.drugs.com/comments/buprenorphine-naloxone/zubsolv.html,Prescription only,Risk data available,Moderate abuse potential,Drug history at FDA,Anti-Doping Classification,Opioid Use Disorder  ,7.4,121,https://www.drugs.com/comments/buprenorphine-naloxone/zubsolv.html
Zubsolv,buprenorphine and naloxone,Sublingual Tablets,"July 3, 2013",Orexo AB,Opioid Use Disorder,https://www.drugs.com/zubsolv.html,https://www.drugs.com/mtm/buprenorphine-and-naloxone-oral-sublingual.html,Narcotic analgesic combinations,https://www.drugs.com/images/pills/fio/ORX09570.JPG,"naltrexone, buprenorphine, Suboxone, buprenorphine / naloxone, Subutex, Vivitrol",7.3,125,https://www.drugs.com/comments/buprenorphine-naloxone/zubsolv.html,Prescription only,Risk data available,Moderate abuse potential,Drug history at FDA,Anti-Doping Classification,Opioid Use Disorder  ,7.4,121,https://www.drugs.com/comments/buprenorphine-naloxone/zubsolv.html
Zubsolv,buprenorphine and naloxone,Sublingual Tablets,"July 3, 2013",Orexo AB,Opioid Use Disorder,https://www.drugs.com/zubsolv.html,https://www.drugs.com/mtm/buprenorphine-and-naloxone-oral-sublingual.html,Narcotic analgesic combinations,https://www.drugs.com/images/pills/fio/ORX09570.JPG,"naltrexone, buprenorphine, Suboxone, buprenorphine / naloxone, Subutex, Vivitrol",7.3,125,https://www.drugs.com/comments/buprenorphine-naloxone/zubsolv.html,Prescription only,Risk data available,Moderate abuse potential,Drug history at FDA,Anti-Doping Classification,Opioid Use Disorder  ,7.4,121,https://www.drugs.com/comments/buprenorphine-naloxone/zubsolv.html
Zubsolv,buprenorphine and naloxone,Sublingual Tablets,"July 3, 2013",Orexo AB,Opioid Use Disorder,https://www.drugs.com/zubsolv.html,https://www.drugs.com/mtm/buprenorphine-and-naloxone-oral-sublingual.html,Narcotic analgesic combinations,https://www.drugs.com/images/pills/fio/ORX09570.JPG,"naltrexone, buprenorphine, Suboxone, buprenorphine / naloxone, Subutex, Vivitrol",7.3,125,https://www.drugs.com/comments/buprenorphine-naloxone/zubsolv.html,Prescription only,Risk data available,Moderate abuse potential,Drug history at FDA,Anti-Doping Classification,Opioid Use Disorder  ,7.4,121,https://www.drugs.com/comments/buprenorphine-naloxone/zubsolv.html
Zubsolv,buprenorphine and naloxone,Sublingual Tablets,"July 3, 2013",Orexo AB,Opioid Use Disorder,https://www.drugs.com/zubsolv.html,https://www.drugs.com/mtm/buprenorphine-and-naloxone-oral-sublingual.html,Narcotic analgesic combinations,https://www.drugs.com/images/pills/fio/ORX09570.JPG,"naltrexone, buprenorphine, Suboxone, buprenorphine / naloxone, Subutex, Vivitrol",7.3,125,https://www.drugs.com/comments/buprenorphine-naloxone/zubsolv.html,Prescription only,Risk data available,Moderate abuse potential,Drug history at FDA,Anti-Doping Classification,Opioid Use Disorder  ,7.4,121,https://www.drugs.com/comments/buprenorphine-naloxone/zubsolv.html
Zubsolv,buprenorphine and naloxone,Sublingual Tablets,"July 3, 2013",Orexo AB,Opioid Use Disorder,https://www.drugs.com/zubsolv.html,https://www.drugs.com/mtm/buprenorphine-and-naloxone-oral-sublingual.html,Narcotic analgesic combinations,https://www.drugs.com/images/pills/fio/ORX09570.JPG,"naltrexone, buprenorphine, Suboxone, buprenorphine / naloxone, Subutex, Vivitrol",7.3,125,https://www.drugs.com/comments/buprenorphine-naloxone/zubsolv.html,Prescription only,Risk data available,Moderate abuse potential,Drug history at FDA,Anti-Doping Classification,Opioid Use Disorder  ,7.4,121,https://www.drugs.com/comments/buprenorphine-naloxone/zubsolv.html
Zubsolv,buprenorphine and naloxone,Sublingual Tablets,"July 3, 2013",Orexo AB,Opioid Use Disorder,https://www.drugs.com/zubsolv.html,https://www.drugs.com/mtm/buprenorphine-and-naloxone-oral-sublingual.html,Narcotic analgesic combinations,https://www.drugs.com/images/pills/fio/ORX09570.JPG,"naltrexone, buprenorphine, Suboxone, buprenorphine / naloxone, Subutex, Vivitrol",7.3,125,https://www.drugs.com/comments/buprenorphine-naloxone/zubsolv.html,Prescription only,Risk data available,Moderate abuse potential,Drug history at FDA,Anti-Doping Classification,Opioid Use Disorder  ,7.4,121,https://www.drugs.com/comments/buprenorphine-naloxone/zubsolv.html
Zubsolv,buprenorphine and naloxone,Sublingual Tablets,"July 3, 2013",Orexo AB,Opioid Use Disorder,https://www.drugs.com/zubsolv.html,https://www.drugs.com/mtm/buprenorphine-and-naloxone-oral-sublingual.html,Narcotic analgesic combinations,https://www.drugs.com/images/pills/fio/ORX09570.JPG,"naltrexone, buprenorphine, Suboxone, buprenorphine / naloxone, Subutex, Vivitrol",7.3,125,https://www.drugs.com/comments/buprenorphine-naloxone/zubsolv.html,Prescription only,Risk data available,Moderate abuse potential,Drug history at FDA,Anti-Doping Classification,Opioid Use Disorder  ,7.4,121,https://www.drugs.com/comments/buprenorphine-naloxone/zubsolv.html
Zubsolv,buprenorphine and naloxone,Sublingual Tablets,"July 3, 2013",Orexo AB,Opioid Use Disorder,https://www.drugs.com/zubsolv.html,https://www.drugs.com/mtm/buprenorphine-and-naloxone-oral-sublingual.html,Narcotic analgesic combinations,https://www.drugs.com/images/pills/fio/ORX09570.JPG,"naltrexone, buprenorphine, Suboxone, buprenorphine / naloxone, Subutex, Vivitrol",7.3,125,https://www.drugs.com/comments/buprenorphine-naloxone/zubsolv.html,Prescription only,Risk data available,Moderate abuse potential,Drug history at FDA,Anti-Doping Classification,Opioid Use Disorder  ,7.4,121,https://www.drugs.com/comments/buprenorphine-naloxone/zubsolv.html
Zubsolv,buprenorphine and naloxone,Sublingual Tablets,"July 3, 2013",Orexo AB,Opioid Use Disorder,https://www.drugs.com/zubsolv.html,https://www.drugs.com/mtm/buprenorphine-and-naloxone-oral-sublingual.html,Narcotic analgesic combinations,https://www.drugs.com/images/pills/fio/ORX09570.JPG,"naltrexone, buprenorphine, Suboxone, buprenorphine / naloxone, Subutex, Vivitrol",7.3,125,https://www.drugs.com/comments/buprenorphine-naloxone/zubsolv.html,Prescription only,Risk data available,Moderate abuse potential,Drug history at FDA,Anti-Doping Classification,Opioid Use Disorder  ,7.4,121,https://www.drugs.com/comments/buprenorphine-naloxone/zubsolv.html
Zubsolv,buprenorphine and naloxone,Sublingual Tablets,"July 3, 2013",Orexo AB,Opioid Use Disorder,https://www.drugs.com/zubsolv.html,https://www.drugs.com/mtm/buprenorphine-and-naloxone-oral-sublingual.html,Narcotic analgesic combinations,https://www.drugs.com/images/pills/fio/ORX09570.JPG,"naltrexone, buprenorphine, Suboxone, buprenorphine / naloxone, Subutex, Vivitrol",7.3,125,https://www.drugs.com/comments/buprenorphine-naloxone/zubsolv.html,Prescription only,Risk data available,Moderate abuse potential,Drug history at FDA,Anti-Doping Classification,Opioid Use Disorder  ,7.4,121,https://www.drugs.com/comments/buprenorphine-naloxone/zubsolv.html
Zubsolv,buprenorphine and naloxone,Sublingual Tablets,"July 3, 2013",Orexo AB,Opioid Use Disorder,https://www.drugs.com/zubsolv.html,https://www.drugs.com/mtm/buprenorphine-and-naloxone-oral-sublingual.html,Narcotic analgesic combinations,https://www.drugs.com/images/pills/fio/ORX09570.JPG,"naltrexone, buprenorphine, Suboxone, buprenorphine / naloxone, Subutex, Vivitrol",7.3,125,https://www.drugs.com/comments/buprenorphine-naloxone/zubsolv.html,Prescription only,Risk data available,Moderate abuse potential,Drug history at FDA,Anti-Doping Classification,Opioid Use Disorder  ,7.4,121,https://www.drugs.com/comments/buprenorphine-naloxone/zubsolv.html
Zubsolv,buprenorphine and naloxone,Sublingual Tablets,"July 3, 2013",Orexo AB,Opioid Use Disorder,https://www.drugs.com/zubsolv.html,https://www.drugs.com/mtm/buprenorphine-and-naloxone-oral-sublingual.html,Narcotic analgesic combinations,https://www.drugs.com/images/pills/fio/ORX09570.JPG,"naltrexone, buprenorphine, Suboxone, buprenorphine / naloxone, Subutex, Vivitrol",7.3,125,https://www.drugs.com/comments/buprenorphine-naloxone/zubsolv.html,Prescription only,Risk data available,Moderate abuse potential,Drug history at FDA,Anti-Doping Classification,Opioid Use Disorder  ,7.4,121,https://www.drugs.com/comments/buprenorphine-naloxone/zubsolv.html
Zubsolv,buprenorphine and naloxone,Sublingual Tablets,"July 3, 2013",Orexo AB,Opioid Use Disorder,https://www.drugs.com/zubsolv.html,https://www.drugs.com/mtm/buprenorphine-and-naloxone-oral-sublingual.html,Narcotic analgesic combinations,https://www.drugs.com/images/pills/fio/ORX09570.JPG,"naltrexone, buprenorphine, Suboxone, buprenorphine / naloxone, Subutex, Vivitrol",7.3,125,https://www.drugs.com/comments/buprenorphine-naloxone/zubsolv.html,Prescription only,Risk data available,Moderate abuse potential,Drug history at FDA,Anti-Doping Classification,Opioid Use Disorder  ,7.4,121,https://www.drugs.com/comments/buprenorphine-naloxone/zubsolv.html
Zubsolv,buprenorphine and naloxone,Sublingual Tablets,"July 3, 2013",Orexo AB,Opioid Use Disorder,https://www.drugs.com/zubsolv.html,https://www.drugs.com/mtm/buprenorphine-and-naloxone-oral-sublingual.html,Narcotic analgesic combinations,https://www.drugs.com/images/pills/fio/ORX09570.JPG,"naltrexone, buprenorphine, Suboxone, buprenorphine / naloxone, Subutex, Vivitrol",7.3,125,https://www.drugs.com/comments/buprenorphine-naloxone/zubsolv.html,Prescription only,Risk data available,Moderate abuse potential,Drug history at FDA,Anti-Doping Classification,Opioid Use Disorder  ,7.4,121,https://www.drugs.com/comments/buprenorphine-naloxone/zubsolv.html
Invokana,canagliflozin,Tablets,"March 29, 2013","Janssen Research & Development, LLC","Diabetes, Type 2, Cardiovascular Risk Reduction, Diabetic Kidney Disease",https://www.drugs.com/invokana.html,https://www.drugs.com/mtm/canagliflozin.html,SGLT-2 inhibitors,https://www.drugs.com/images/pills/nlm/504580140.jpg,,5.8,257,https://www.drugs.com/comments/canagliflozin/invokana.html,Prescription only,Risk data available,Not a controlled drug, FDA approved 2013,,"Diabetes, Type 2  ",5.8,257,https://www.drugs.com/comments/canagliflozin/invokana.html
Vituz,chlorpheniramine and hydrocodone,Oral Solution,"February 20, 2013","Hawthorn Pharmaceuticals, Inc.","Cough, Cold Symptoms",https://www.drugs.com/mtm/chlorpheniramine-and-hydrocodone.html,https://www.drugs.com/mtm/tussicaps.html,Tussionex PennKinetic,https://www.drugs.com/images/pills/mtm/TussiCaps-8%20mg-10%20mg.jpg,"benzonatate, diphenhydramine, Benadryl, guaifenesin, dextromethorphan, Mucinex, chlorpheniramine",9.2,133,https://www.drugs.com/comments/chlorpheniramine-hydrocodone/,Prescription only,Risk data available,High potential for abuse,Drug history at FDA,,Cough  ,9.4,112,https://www.drugs.com/comments/chlorpheniramine-hydrocodone/
Khedezla,desvenlafaxine,Extended-Release Tablets,"July 10, 2013",Osmotica Pharmaceutical Corp.,Depression,https://www.drugs.com/mtm/desvenlafaxine.html,https://www.drugs.com/pristiq.html,Khedezla,https://www.drugs.com/images/pills/custom/pill25744-1/desvenlafaxine-succinate-extended-release.jpeg,"Trintellix, Vraylar, sertraline, trazodone, Lexapro, Zoloft, citalopram",6.9,"1,363",https://www.drugs.com/comments/desvenlafaxine/,Prescription only,Risk data available,Not a controlled drug,Drug history at FDA,,Depression  ,6.8,865,https://www.drugs.com/comments/desvenlafaxine/
Zorvolex,diclofenac,Capsules,"October 18, 2013","Iroko Pharmaceuticals, LLC","Pain, Osteoarthritis",https://www.drugs.com/diclofenac.html,https://www.drugs.com/cambia.html,Zipsor,https://www.drugs.com/images/pills/nlm/200001167.jpg,,7.4,691,https://www.drugs.com/comments/diclofenac/,Prescription only,Risk data available,Not a controlled drug,Drug history at FDA,,Pain  ,7.0,192,https://www.drugs.com/comments/diclofenac/
Tecfidera,dimethyl fumarate,Delayed-Release Capsules  - formerly BG-12,"March 27, 2013",Biogen Idec,Multiple Sclerosis,https://www.drugs.com/tecfidera.html,https://www.drugs.com/mtm/dimethyl-fumarate.html,Selective immunosuppressants,https://www.drugs.com/images/pills/nlm/644060006.jpg,,6.3,98,https://www.drugs.com/comments/dimethyl-fumarate/tecfidera.html,Prescription only,Risk data available,Not a controlled drug, FDA approved 2013,,Multiple Sclerosis  ,6.3,98,https://www.drugs.com/comments/dimethyl-fumarate/tecfidera.html
Tivicay,dolutegravir,Tablets,"August 12, 2013",ViiV Healthcare,HIV Infection,https://www.drugs.com/tivicay.html,https://www.drugs.com/mtm/dolutegravir.html,Tivicay PD,https://www.drugs.com/images/pills/nlm/497020228.jpg,,6.8,19,https://www.drugs.com/comments/dolutegravir/tivicay.html,Prescription only,Risk data available,Not a controlled drug, FDA approved 2013,,HIV Infection  ,6.8,19,https://www.drugs.com/comments/dolutegravir/tivicay.html
Diclegis,doxylamine and pyridoxine,Delayed-Release Tablets,"April 8, 2013",Duchesnay Inc.,Nausea and Vomiting of Pregnancy,https://www.drugs.com/diclegis.html,https://www.drugs.com/mtm/doxylamine-and-pyridoxine.html,Miscellaneous antiemetics,https://www.drugs.com/images/pills/custom/pill20782-1/diclegis.jpg,,6.9,115,https://www.drugs.com/comments/doxylamine-pyridoxine/diclegis.html,Prescription only,Risk data available,Not a controlled drug,Drug history at FDA,,Nausea/Vomiting of Pregnancy  ,6.9,109,https://www.drugs.com/comments/doxylamine-pyridoxine/diclegis.html
Aptiom,eslicarbazepine acetate,Tablets  - formerly Stedesa,"November 8, 2013",Sunovion Pharmaceuticals Inc.,"Epilepsy, Seizures",https://www.drugs.com/aptiom.html,https://www.drugs.com/mtm/eslicarbazepine.html,Dibenzazepine anticonvulsants,https://www.drugs.com/images/pills/fio/SNV02080.JPG,,6.7,39,https://www.drugs.com/comments/eslicarbazepine/aptiom.html,Prescription only,Risk data available,Not a controlled drug, FDA approved 2013,,Seizures  ,6.7,26,https://www.drugs.com/comments/eslicarbazepine/aptiom.html
Quartette,levonorgestrel/ethinyl estradiol and ethinyl estradiol,Tablets,"March 28, 2013","Teva Branded Pharmaceutical Products R&D, Inc.",Birth Control,https://www.drugs.com/mtm/ethinyl-estradiol-and-levonorgestrel-extended-cycle.html,https://www.drugs.com/mtm/amethia-extended-cycle.html,Ashlyna,https://www.drugs.com/images/pills/custom/pill22959-1/ethinyl-estradiol-and-levonorgestrel-extended-cycle.jpeg,"norethindrone, medroxyprogesterone, levonorgestrel, Provera, Mirena, Yaz, Plan B One-Step",5.2,"5,042",https://www.drugs.com/comments/ethinyl-estradiol-levonorgestrel/,Prescription only,Risk data available,Not a controlled drug,Drug history at FDA,,Birth Control  ,5.3,4379,https://www.drugs.com/comments/ethinyl-estradiol-levonorgestrel/
Injectafer,ferric carboxymaltose,Injection,"July 25, 2013","Daiichi Sankyo, Inc.",Iron Deficiency Anemia,https://www.drugs.com/injectafer.html,https://www.drugs.com/mtm/ferric-carboxymaltose.html,Iron products,,,7.4,8,https://www.drugs.com/comments/ferric-carboxymaltose/injectafer.html,Prescription only,Risk data available,Not a controlled drug,Drug history at FDA,,Iron Deficiency Anemia  ,7.4,8,https://www.drugs.com/comments/ferric-carboxymaltose/injectafer.html
Breo Ellipta,fluticasone and vilanterol,Inhalation Powder,"May 10, 2013","GlaxoSmithKline plc (GSK) and Theravance, Inc.","COPD, Asthma",https://www.drugs.com/breo-ellipta.html,https://www.drugs.com/mtm/fluticasone-and-vilanterol.html,Bronchodilator combinations,,,5.7,225,https://www.drugs.com/comments/fluticasone-vilanterol/breo-ellipta.html,Prescription only,Risk data available,Not a controlled drug, FDA approved 2013,Anti-Doping Classification,Asthma  ,5.7,125,https://www.drugs.com/comments/fluticasone-vilanterol/breo-ellipta.html
Dotarem,gadoterate meglumine,Injection,"March 20, 2013",Guerbet,Diagnosis and Investigation,https://www.drugs.com/dotarem.html,https://www.drugs.com/mtm/gadoterate-meglumine.html,Magnetic resonance imaging contrast media,,"Magnevist, gadobutrol, Clariscan, gadobenate dimeglumine, Omniscan, gadoteridol",3.0,8,https://www.drugs.com/comments/gadoterate-meglumine/dotarem.html,Prescription only,,Not a controlled drug, FDA approved 2013,,CNS Magnetic Resonance Imaging  ,3.0,8,https://www.drugs.com/comments/gadoterate-meglumine/dotarem.html
Simponi Aria,golimumab,Injection,"July 18, 2013","Janssen Biotech, Inc.",,https://www.drugs.com/simponi-aria.html,https://www.drugs.com/mtm/golimumab.html,TNF alfa inhibitors,https://www.drugs.com/images/pills/custom/pill33203-1/simponi-aria.jpeg,,5.6,27,https://www.drugs.com/comments/golimumab/simponi-aria.html,Prescription only,Risk data available,Not a controlled drug,Drug history at FDA,,Rheumatoid Arthritis  ,6.5,15,https://www.drugs.com/comments/golimumab/simponi-aria.html
Zohydro ER,hydrocodone,Extended-Release Capsules,"October 25, 2013","Zogenix, Inc.",Pain,https://www.drugs.com/zohydro-er.html,https://www.drugs.com/hydrocodone.html,Opioids (narcotic analgesics),https://www.drugs.com/images/pills/fio/PXT03150.JPG,,8.4,52,https://www.drugs.com/comments/hydrocodone/zohydro-er.html,Discontinued,Risk data available,High potential for abuse,Drug history at FDA,,Pain  ,8.4,52,https://www.drugs.com/comments/hydrocodone/zohydro-er.html
Imbruvica,ibrutinib,"Capsules, Tablets and Oral Suspension","November 13, 2013",AbbVie Inc.,"Chronic Lymphocytic Leukemia, Waldenström Macroglobulinemia, Graft-versus-host disease",https://www.drugs.com/imbruvica.html,https://www.drugs.com/ibrutinib.html,BTK inhibitors,https://www.drugs.com/images/pills/nlm/579620140.jpg,,6.2,58,https://www.drugs.com/comments/ibrutinib/imbruvica.html,Prescription only,Risk data available,Not a controlled drug, FDA approved 2013,,Chronic Lymphocytic Leukemia  ,6.4,41,https://www.drugs.com/comments/ibrutinib/imbruvica.html
Fetzima,levomilnacipran,Extended-Release Capsules,"July 25, 2013","Allergan, Inc.",Depression,https://www.drugs.com/fetzima.html,https://www.drugs.com/mtm/levomilnacipran.html,Serotonin-norepinephrine reuptake inhibitors,https://www.drugs.com/images/pills/fio/ACT22400.JPG,,5.1,198,https://www.drugs.com/comments/levomilnacipran/fetzima.html,Prescription only,Risk data available,Not a controlled drug,Drug history at FDA,,Major Depressive Disorder  ,5.3,105,https://www.drugs.com/comments/levomilnacipran/fetzima.html
Skyla,levonorgestrel,Intrauterine System,"January 9, 2013",Bayer HealthCare Pharmaceuticals Inc.,Birth Control,https://www.drugs.com/skyla.html,https://www.drugs.com/mtm/levonorgestrel-intrauterine-system.html,Contraceptives,,,6.9,"1,539",https://www.drugs.com/comments/levonorgestrel/skyla.html,Prescription only,Risk data available,Not a controlled drug,Drug history at FDA,,Birth Control  ,6.9,1533,https://www.drugs.com/comments/levonorgestrel/skyla.html
Opsumit,macitentan,Tablets,"October 18, 2013",Actelion Pharmaceuticals Ltd.,Pulmonary Arterial Hypertension,https://www.drugs.com/opsumit.html,https://www.drugs.com/mtm/macitentan.html,Agents for pulmonary hypertension,https://www.drugs.com/images/pills/custom/pill21577-1/opsumit.jpg,,8.2,10,https://www.drugs.com/comments/macitentan/opsumit.html,Prescription only,Risk data available,Not a controlled drug, FDA approved 2013,,Pulmonary Arterial Hypertension  ,8.2,10,https://www.drugs.com/comments/macitentan/opsumit.html
Otrexup,methotrexate,Subcutaneous Injection,"October 11, 2013","Antares Pharma, Inc.","Rheumatoid Arthritis, Juvenile Idiopathic Arthritis, Psoriasis",https://www.drugs.com/cons/methotrexate-oral-injection.html,https://www.drugs.com/cons/jylamvo.html,Rheumatrex Dose Pack,https://www.drugs.com/images/pills/nlm/200000905.jpg,"Otezla, Stelara, Verzenio, Ibrance, Taltz, Remicade, Simponi",6.6,332,https://www.drugs.com/comments/methotrexate/,Prescription only,Risk data available,Not a controlled drug,Drug history at FDA,,Rheumatoid Arthritis  ,6.1,147,https://www.drugs.com/comments/methotrexate/
Osphena,ospemifene,Tablets,"February 26, 2013",Duchesnay Inc.,"Dyspareunia, Atrophic Vaginitis",https://www.drugs.com/osphena.html,https://www.drugs.com/mtm/ospemifene.html,Selective estrogen receptor modulators,https://www.drugs.com/images/pills/fio/SHO05800.JPG,,4.9,45,https://www.drugs.com/comments/ospemifene/osphena.html,Prescription only,Risk data available,Not a controlled drug, FDA approved 2013,Anti-Doping Classification,Dyspareunia  ,6.4,25,https://www.drugs.com/comments/ospemifene/osphena.html
Oxytrol for Women,oxybutynin,Transdermal System,"January 25, 2013",Merck,Overactive Bladder,https://www.drugs.com/oxytrol.html,https://www.drugs.com/oxybutynin.html,Urinary antispasmodics,,,7.3,80,https://www.drugs.com/comments/oxybutynin/oxytrol.html,Prescription only,Risk data available,Not a controlled drug,Drug history at FDA,,Urinary Frequency  ,7.0,62,https://www.drugs.com/comments/oxybutynin/oxytrol.html
Brisdelle,paroxetine mesylate,Capsules,"June 28, 2013","Noven Pharmaceuticals, Inc.",Hot Flashes Associated with Menopause,https://www.drugs.com/brisdelle.html,https://www.drugs.com/paroxetine.html,Selective serotonin reuptake inhibitors,https://www.drugs.com/images/pills/fio/PAD02790.JPG,,6.4,38,https://www.drugs.com/comments/paroxetine/brisdelle.html,Prescription only,Risk data available,Not a controlled drug,Drug history at FDA,,Hot Flashes  ,6.4,37,https://www.drugs.com/comments/paroxetine/brisdelle.html
Sovaldi,sofosbuvir,Tablets and Oral Pellets,"December 6, 2013",Gilead Sciences,Hepatitis C,https://www.drugs.com/sovaldi.html,https://www.drugs.com/sofosbuvir.html,Miscellaneous antivirals,https://www.drugs.com/images/pills/nlm/619581501.jpg,,7.7,47,https://www.drugs.com/comments/sofosbuvir/sovaldi.html,Prescription only,Risk data available,Not a controlled drug, FDA approved 2013,,Hepatitis C  ,7.7,47,https://www.drugs.com/comments/sofosbuvir/sovaldi.html
Velphoro,sucroferric oxyhydroxide,Chewable Tablets,"November 27, 2013",Vifor Fresenius Medical Care Renal Pharma,Hyperphosphatemia of Renal Failure,https://www.drugs.com/velphoro.html,https://www.drugs.com/mtm/sucroferric-oxyhydroxide.html,Phosphate binders,https://www.drugs.com/images/pills/nlm/492300645.jpg,,5.4,11,https://www.drugs.com/comments/sucroferric-oxyhydroxide/velphoro.html,Prescription only,,Not a controlled drug,Drug history at FDA,,Hyperphosphatemia of Renal Failure  ,5.4,11,https://www.drugs.com/comments/sucroferric-oxyhydroxide/velphoro.html
Astagraf XL,tacrolimus,Extended-Release Capsules,"July 19, 2013","Astellas Pharma US, Inc.","Organ Transplant, Rejection Prophylaxis",https://www.drugs.com/mtm/tacrolimus-oral-and-injection.html,https://www.drugs.com/cons/astagraf-xl.html,Envarsus XR,https://www.drugs.com/images/pills/custom/pill15154-1/tacrolimus.jpg,,8.1,47,https://www.drugs.com/comments/tacrolimus/,Prescription only,Risk data available,Not a controlled drug,Drug history at FDA,,"Organ Transplant, Rejection Prophylaxis  ",8.1,39,https://www.drugs.com/comments/tacrolimus/
Trokendi XR,topiramate,,"August 16, 2013","Supernus Pharmaceuticals, Inc.",Epilepsy,https://www.drugs.com/mtm/topiramate.html,https://www.drugs.com/eprontia.html,Topamax,https://www.drugs.com/images/pills/nlm/68382-0139-05_NLMIMAGE10_A943548A.jpg,"Qulipta, Emgality, gabapentin, ibuprofen, clonazepam, amitriptyline, lamotrigine",6.3,"1,324",https://www.drugs.com/comments/topiramate/,Prescription only,Risk data available,Not a controlled drug,Drug history at FDA,,Migraine Prevention  ,5.8,672,https://www.drugs.com/comments/topiramate/
Anoro Ellipta,umeclidinium bromide and vilanterol,,"December 18, 2013","GlaxoSmithKline plc (GSK) and Theravance, Inc.",COPD,https://www.drugs.com/anoro-ellipta.html,https://www.drugs.com/mtm/umeclidinium-and-vilanterol.html,Bronchodilator combinations,,,7.1,63,https://www.drugs.com/comments/umeclidinium-vilanterol/anoro-ellipta.html,Prescription only,Risk data available,Not a controlled drug,Drug history at FDA,Anti-Doping Classification,COPD  ,6.9,57,https://www.drugs.com/comments/umeclidinium-vilanterol/anoro-ellipta.html
Trintellix,vortioxetine,Tablets  - formerly Brintellix,"September 30, 2013",Takeda Pharmaceutical Company Limited and H. Lundbeck A/S,Depression,https://www.drugs.com/trintellix.html,https://www.drugs.com/vortioxetine.html,Miscellaneous antidepressants,https://www.drugs.com/images/pills/fio/TKD05600.JPG,,6.0,"1,100",https://www.drugs.com/comments/vortioxetine/trintellix.html,Prescription only,Risk data available,Not a controlled drug, FDA approved 2013,,Major Depressive Disorder  ,6.0,450,https://www.drugs.com/comments/vortioxetine/trintellix.html
Adempas,riociguat,Tablets,"October 8, 2013",Bayer HealthCare Pharmaceuticals Inc.,Pulmonary Arterial Hypertension,https://www.drugs.com/adempas.html,https://www.drugs.com/mtm/riociguat.html,Vasodilators,https://www.drugs.com/images/pills/fio/BAY02530.JPG,,,,,Prescription only,Risk data available,Not a controlled drug, FDA approved 2013,,,,,
Delzicol,mesalamine,Delayed-Release Capsules,"February 1, 2013","Allergan, Inc.",Ulcerative Colitis,https://www.drugs.com/delzicol.html,https://www.drugs.com/mtm/mesalamine.html,5-aminosalicylates,https://www.drugs.com/images/pills/mmx/t111382f/delzicol.jpg,,,,,Prescription only,Risk data available,Not a controlled drug,Drug history at FDA,,,,,
FluLaval Quadrivalent,"influenza virus vaccine, inactivated",,"August 16, 2013",GlaxoSmithKline,Influenza Prophylaxis,https://www.drugs.com/flulaval.html,https://www.drugs.com/mtm/influenza-virus-vaccine-injection.html,Viral vaccines,,"Tamiflu, oseltamivir, Xofluza, influenza virus vaccine, inactivated, Afluria, baloxavir marboxil",,,,Prescription only,Risk data available,Not a controlled drug,,,,,,
FluLaval Quadrivalent,"influenza virus vaccine, inactivated",,"August 16, 2013",GlaxoSmithKline,Influenza Prophylaxis,https://www.drugs.com/flulaval.html,https://www.drugs.com/mtm/influenza-virus-vaccine-injection.html,Viral vaccines,,"Tamiflu, oseltamivir, Xofluza, influenza virus vaccine, inactivated, Afluria, baloxavir marboxil",,,,Prescription only,Risk data available,Not a controlled drug,,,,,,
FluLaval Quadrivalent,"influenza virus vaccine, inactivated",,"August 16, 2013",GlaxoSmithKline,Influenza Prophylaxis,https://www.drugs.com/flulaval.html,https://www.drugs.com/mtm/influenza-virus-vaccine-injection.html,Viral vaccines,,"Tamiflu, oseltamivir, Xofluza, influenza virus vaccine, inactivated, Afluria, baloxavir marboxil",,,,Prescription only,Risk data available,Not a controlled drug,,,,,,
FluLaval Quadrivalent,"influenza virus vaccine, inactivated",,"August 16, 2013",GlaxoSmithKline,Influenza Prophylaxis,https://www.drugs.com/flulaval.html,https://www.drugs.com/mtm/influenza-virus-vaccine-injection.html,Viral vaccines,,"Tamiflu, oseltamivir, Xofluza, influenza virus vaccine, inactivated, Afluria, baloxavir marboxil",,,,Prescription only,Risk data available,Not a controlled drug,,,,,,
Gazyva,obinutuzumab,Injection,"November 1, 2013",Genentech,"Chronic Lymphocytic Leukemia, Follicular Lymphoma",https://www.drugs.com/gazyva.html,https://www.drugs.com/obinutuzumab.html,CD20 monoclonal antibodies,https://www.drugs.com/images/pills/custom/pill32701-1.webp,"Imbruvica, Jaypirca, Venclexta, rituximab, cyclophosphamide, Revlimid, Rituxan",,,,Prescription only,Risk data available,Not a controlled drug, FDA approved 2013,,,,,
Gilotrif,afatinib,Tablets,"July 12, 2013",Boehringer Ingelheim Pharmaceuticals Inc.,Non-Small Cell Lung Cancer,https://www.drugs.com/gilotrif.html,https://www.drugs.com/afatinib.html,Multikinase inhibitors,https://www.drugs.com/images/pills/custom/pill21257-1/gilotrif.png,,,,,Prescription only,Risk data available,Not a controlled drug, FDA approved 2013,,,,,
Kadcyla,ado-trastuzumab emtansine,Injection,"February 22, 2013","Genentech, Inc.",Breast Cancer,https://www.drugs.com/kadcyla.html,https://www.drugs.com/mtm/ado-trastuzumab-emtansine.html,HER2 inhibitors,,,,,,Prescription only,Risk data available,Not a controlled drug, FDA approved 2013,,,,,
Kazano,alogliptin and metformin,Tablets,"January 25, 2013",Takeda Pharmaceutical Company Limited,"Diabetes, Type 2",https://www.drugs.com/kazano.html,https://www.drugs.com/mtm/alogliptin-and-metformin.html,Antidiabetic combinations,https://www.drugs.com/images/pills/fio/TKD02110.JPG,"metformin, Trulicity, Lantus, Tresiba, Victoza, Levemir",,,,Prescription only,Risk data available,Not a controlled drug,Drug history at FDA,,,,,
Kcentra,"prothrombin complex concentrate, human",,"April 29, 2013",CSL Behring,Reversal of Vitamin K Antagonist (VKA) Anticoagulation,https://www.drugs.com/kcentra.html,https://www.drugs.com/mtm/prothrombin-complex.html,Anticoagulant reversal agents,,"prothrombin complex, Balfaxar",,,,Prescription only,Risk data available,Not a controlled drug,,,,,,
Kynamro,mipomersen,Injection,"January 29, 2013",Kastle Therapeutics,"High Cholesterol, Familial Homozygous",https://www.drugs.com/kynamro.html,https://www.drugs.com/mtm/mipomersen.html,Miscellaneous antihyperlipidemic agents,,,,,,Discontinued,Risk data available,Not a controlled drug,Drug history at FDA,,,,,
Liptruzet,atorvastatin and ezetimibe,Tablets,"May 3, 2013",Merck,"High Cholesterol, Familial Heterozygous",https://www.drugs.com/liptruzet.html,https://www.drugs.com/cons/atorvastatin-and-ezetimibe.html,Antihyperlipidemic combinations,,"Repatha, atorvastatin, rosuvastatin, simvastatin, ezetimibe, Crestor, Zetia",,,,Discontinued,Risk data available,Not a controlled drug,Drug history at FDA,,,,,
Luzu,luliconazole,Topical Cream,"November 14, 2013","Valeant Pharmaceuticals International, Inc.","Tinea Corporis, Tinea Pedis, Tinea Cruris",https://www.drugs.com/luzu.html,https://www.drugs.com/mtm/luliconazole-topical.html,Topical antifungals,,"clotrimazole topical, ketoconazole topical, terbinafine, miconazole topical, Lamisil",,,,Prescription only,Risk data available,Not a controlled drug, FDA approved 2013,,,,,
Lymphoseek,technetium Tc 99m tilmanocept,Injection,"March 13, 2013",Navidea Biopharmaceuticals,Diagnosis and Investigation,https://www.drugs.com/lymphoseek.html,https://www.drugs.com/cons/technetium-tc-99m-tilmanocept.html,Radiologic conjugating agents,,,,,,Prescription only,Risk data available,Not a controlled drug,,,,,,
Mekinist,trametinib,Tablets and Oral Solution,"May 29, 2013",Novartis Pharmaceuticals Corporation,"Melanoma, Metastatic, Non-Small Cell Lung Cancer, Thyroid Cancer, Solid Tumors, Low-Grade Glioma",https://www.drugs.com/mekinist.html,https://www.drugs.com/mtm/trametinib.html,Multikinase inhibitors,https://www.drugs.com/images/pills/fio/GSK08480.JPG,,,,,Prescription only,Risk data available,Not a controlled drug, FDA approved 2013,,,,,
Karbinal ER,carbinoxamine,Extended-Release Oral Suspension,"March 28, 2013","Tris Pharma, Inc.","Conjunctivitis, Allergic, Allergic Reactions, Allergic Rhinitis, Allergic Urticaria",https://www.drugs.com/mtm/carbinoxamine.html,https://www.drugs.com/mtm/karbinal-er.html,Ryvent,https://www.drugs.com/images/pills/fio/BKR03330.JPG,,,,,Prescription only,Risk data available,Not a controlled drug,Drug history at FDA,,,,,
Rixubis,,,"June 26, 2013",Baxter International Inc.,Hemophilia B,https://www.drugs.com/mtm/coagulation-factor-ix.html,https://www.drugs.com/mtm/alphanine-sd.html,Alprolix,,,,,,Prescription only,Risk data available,Not a controlled drug,,,,,,
Bloxiverz,neostigmine methylsulfate,Injection,"May 31, 2013",Flamel Technologies,Reversal of Nondepolarizing Muscle Relaxants,https://www.drugs.com/mtm/neostigmine.html,https://www.drugs.com/mtm/bloxiverz.html,Prostigmin Bromide,https://www.drugs.com/images/pills/mmx/t104772f/prostigmin-bromide.jpg,,,,,Prescription only,Risk data available,Not a controlled drug,Drug history at FDA,,,,,
Nymalize,nimodipine,Oral Solution,"May 10, 2013",Arbor Pharmaceuticals,Subarachnoid Hemorrhage,https://www.drugs.com/mtm/nimodipine.html,https://www.drugs.com/mtm/nymalize.html,Nimotop,https://www.drugs.com/images/pills/fio/HER05120.JPG,,,,,Prescription only,Risk data available,Not a controlled drug,Drug history at FDA,,,,,
Novoeight,turoctocog alfa,for Intravenous Injection,"October 15, 2013",Novo Nordisk,Hemophilia A,https://www.drugs.com/mtm/novoeight-recombinant.html,https://www.drugs.com/mtm/antihemophilic-factor-human.html,Advate,,"tranexamic acid, desmopressin, Hemlibra, Cyklokapron, DDAVP, antihemophilic factor",,,,Prescription only,Risk data available,Not a controlled drug,,,,,,
TOBI Podhaler,tobramycin,Inhalation Powder,"March 22, 2013",Novartis Pharmaceuticals Corporation,Cystic Fibrosis,https://www.drugs.com/mtm/tobramycin-inhalation.html,https://www.drugs.com/mtm/bethkis-inhalation.html,Kitabis Pak,https://www.drugs.com/images/pills/fio/NVR06300.JPG,"amoxicillin, doxycycline, azithromycin, cephalexin, ciprofloxacin, metronidazole, triamcinolone",,,,Prescription only,Risk data available,Not a controlled drug,Drug history at FDA,,,,,
Varithena,polidocanol,Injectable Foam,"November 25, 2013",BTG plc,Varicose Veins,https://www.drugs.com/mtm/varithena-polidocanol.html,https://www.drugs.com/mtm/laureth-9-polidocanol.html,Asclera,,"polidocanol, sodium tetradecyl sulfate, Asclera, Sotradecol",,,,Prescription only,Risk data available,Not a controlled drug,,,,,,
Nesina,alogliptin,Tablets  - formerly SYR-322,"January 25, 2013",Takeda Pharmaceutical Company Limited,"Diabetes, Type 2",https://www.drugs.com/nesina.html,https://www.drugs.com/mtm/alogliptin.html,Dipeptidyl peptidase 4 inhibitors,https://www.drugs.com/images/pills/fio/TKD02500.JPG,,,,,Prescription only,Risk data available,Not a controlled drug, FDA approved 2013,,,,,
Octaplas,,,"January 17, 2013",Octapharma,Bleeding Disorder,https://www.drugs.com/octaplas.html,https://www.drugs.com/monograph/plasma-protein-fraction.html,Plasma expanders,,,,,,Prescription only,Risk data available,Not a controlled drug,,,,,,
Olysio,simeprevir,Capsules,"November 22, 2013","Janssen Research & Development, LLC",Hepatitis C,https://www.drugs.com/olysio.html,https://www.drugs.com/cons/simeprevir.html,Protease inhibitors,https://www.drugs.com/images/pills/nlm/596760225.jpg,"Epclusa, Harvoni, Vosevi, Mavyret, sofosbuvir / velpatasvir, Sovaldi",,,,Discontinued,Risk data available,Not a controlled drug, FDA approved 2013,,,,,
Orenitram,treprostinil,Extended-Release Tablets,"December 20, 2013",United Therapeutics Corporation,Pulmonary Arterial Hypertension,https://www.drugs.com/orenitram.html,https://www.drugs.com/mtm/treprostinil.html,Agents for pulmonary hypertension,https://www.drugs.com/images/pills/fio/UTS03000.JPG,"sildenafil, tadalafil, Adcirca, ambrisentan, Revatio, Opsumit",,,,Prescription only,Risk data available,Not a controlled drug,Drug history at FDA,,,,,
Oseni,alogliptin and pioglitazone,Tablets  - formerly SYR-322/Actos,"January 25, 2013",Takeda Pharmaceutical Company Limited,"Diabetes, Type 2",https://www.drugs.com/oseni.html,https://www.drugs.com/mtm/alogliptin-and-pioglitazone.html,Antidiabetic combinations,https://www.drugs.com/images/pills/fio/PGO04020.JPG,"metformin, Trulicity, Lantus, Tresiba, Victoza, Levemir",,,,Prescription only,Risk data available,Not a controlled drug,Drug history at FDA,,,,,
Pomalyst,pomalidomide,Capsules,"February 8, 2013",Bristol Myers Squibb,"Multiple Myeloma, Kaposi's Sarcoma",https://www.drugs.com/pomalyst.html,https://www.drugs.com/mtm/pomalidomide.html,Miscellaneous antineoplastics,https://www.drugs.com/images/pills/fio/CLG05040.JPG,"Abecma, Velcade, Revlimid, paclitaxel, Taxol, Darzalex, Doxil",,,,Prescription only,Risk data available,Not a controlled drug, FDA approved 2013,,,,,
Clinolipid,lipid injectable emulsion,,"October 3, 2013",Baxter Healthcare Corporation,Parenteral Nutrition,https://www.drugs.com/pro/clinolipid-injection.html,https://www.drugs.com/drug-class/intravenous-nutritional-products.html,,,,,,,Prescription only,Risk data available,Not a controlled drug,,,,,,
Epaned,enalapril maleate,Oral Solution,"August 13, 2013",Silvergate Pharmaceuticals Inc.,"High Blood Pressure, Heart Failure, Left Ventricular Dysfunction",https://www.drugs.com/pro/epaned.html,https://www.drugs.com/enalapril.html,Angiotensin Converting Enzyme Inhibitors,,"amlodipine, lisinopril, metoprolol, losartan, furosemide, carvedilol, hydrochlorothiazide",,,,Prescription only,Risk data available,Not a controlled drug,Drug history at FDA,,,,,
Epaned,enalapril maleate,Oral Solution,"August 13, 2013",Silvergate Pharmaceuticals Inc.,"High Blood Pressure, Heart Failure, Left Ventricular Dysfunction",https://www.drugs.com/pro/epaned.html,https://www.drugs.com/enalapril.html,Angiotensin Converting Enzyme Inhibitors,,"amlodipine, lisinopril, metoprolol, losartan, furosemide, carvedilol, hydrochlorothiazide",,,,Prescription only,Risk data available,Not a controlled drug,Drug history at FDA,,,,,
Epaned,enalapril maleate,Oral Solution,"August 13, 2013",Silvergate Pharmaceuticals Inc.,"High Blood Pressure, Heart Failure, Left Ventricular Dysfunction",https://www.drugs.com/pro/epaned.html,https://www.drugs.com/enalapril.html,Angiotensin Converting Enzyme Inhibitors,,"amlodipine, lisinopril, metoprolol, losartan, furosemide, carvedilol, hydrochlorothiazide",,,,Prescription only,Risk data available,Not a controlled drug,Drug history at FDA,,,,,
Epaned,enalapril maleate,Oral Solution,"August 13, 2013",Silvergate Pharmaceuticals Inc.,"High Blood Pressure, Heart Failure, Left Ventricular Dysfunction",https://www.drugs.com/pro/epaned.html,https://www.drugs.com/enalapril.html,Angiotensin Converting Enzyme Inhibitors,,"amlodipine, lisinopril, metoprolol, losartan, furosemide, carvedilol, hydrochlorothiazide",,,,Prescription only,Risk data available,Not a controlled drug,Drug history at FDA,,,,,
Epaned,enalapril maleate,Oral Solution,"August 13, 2013",Silvergate Pharmaceuticals Inc.,"High Blood Pressure, Heart Failure, Left Ventricular Dysfunction",https://www.drugs.com/pro/epaned.html,https://www.drugs.com/enalapril.html,Angiotensin Converting Enzyme Inhibitors,,"amlodipine, lisinopril, metoprolol, losartan, furosemide, carvedilol, hydrochlorothiazide",,,,Prescription only,Risk data available,Not a controlled drug,Drug history at FDA,,,,,
Epaned,enalapril maleate,Oral Solution,"August 13, 2013",Silvergate Pharmaceuticals Inc.,"High Blood Pressure, Heart Failure, Left Ventricular Dysfunction",https://www.drugs.com/pro/epaned.html,https://www.drugs.com/enalapril.html,Angiotensin Converting Enzyme Inhibitors,,"amlodipine, lisinopril, metoprolol, losartan, furosemide, carvedilol, hydrochlorothiazide",,,,Prescription only,Risk data available,Not a controlled drug,Drug history at FDA,,,,,
Epaned,enalapril maleate,Oral Solution,"August 13, 2013",Silvergate Pharmaceuticals Inc.,"High Blood Pressure, Heart Failure, Left Ventricular Dysfunction",https://www.drugs.com/pro/epaned.html,https://www.drugs.com/enalapril.html,Angiotensin Converting Enzyme Inhibitors,,"amlodipine, lisinopril, metoprolol, losartan, furosemide, carvedilol, hydrochlorothiazide",,,,Prescription only,Risk data available,Not a controlled drug,Drug history at FDA,,,,,
Epaned,enalapril maleate,Oral Solution,"August 13, 2013",Silvergate Pharmaceuticals Inc.,"High Blood Pressure, Heart Failure, Left Ventricular Dysfunction",https://www.drugs.com/pro/epaned.html,https://www.drugs.com/enalapril.html,Angiotensin Converting Enzyme Inhibitors,,"amlodipine, lisinopril, metoprolol, losartan, furosemide, carvedilol, hydrochlorothiazide",,,,Prescription only,Risk data available,Not a controlled drug,Drug history at FDA,,,,,
Epaned,enalapril maleate,Oral Solution,"August 13, 2013",Silvergate Pharmaceuticals Inc.,"High Blood Pressure, Heart Failure, Left Ventricular Dysfunction",https://www.drugs.com/pro/epaned.html,https://www.drugs.com/enalapril.html,Angiotensin Converting Enzyme Inhibitors,,"amlodipine, lisinopril, metoprolol, losartan, furosemide, carvedilol, hydrochlorothiazide",,,,Prescription only,Risk data available,Not a controlled drug,Drug history at FDA,,,,,
Lo Minastrin Fe,"ethinyl estradiol and norethindrone, ethinyl estradiol, and ferrous fumarate",Tablets,"July 24, 2013",Warner Chilcott plc,Birth Control,https://www.drugs.com/pro/lo-minastrin-fe.html,https://www.drugs.com/mtm/ethinyl-estradiol-and-norethindrone-hrt.html,Contraceptives,,,,,,Discontinued,Risk data available,Not a controlled drug,Drug history at FDA,,,,,
Procysbi,cysteamine bitartrate,Delayed-Release Capsules,"April 30, 2013",Raptor Pharmaceutical Corp.,Nephropathic Cystinosis,https://www.drugs.com/procysbi.html,https://www.drugs.com/mtm/cysteamine.html,Cystagon,,"Cystagon, cysteamine",,,,Prescription only,Risk data available,Not a controlled drug,Drug history at FDA,,,,,
Ravicti,glycerol phenylbutyrate,Oral Liquid,"February 1, 2013",Hyperion Therapeutics,Urea Cycle Disorders,https://www.drugs.com/ravicti.html,https://www.drugs.com/mtm/glycerol-phenylbutyrate.html,Urea cycle disorder agents,,,,,,Prescription only,Risk data available,Not a controlled drug,Drug history at FDA,,,,,
Tafinlar,dabrafenib,Capsules and Tablets for Oral Suspension,"May 29, 2013",Novartis Pharmaceuticals Corporation,"Melanoma, Metastatic, Non-Small Cell Lung Cancer, Thyroid Cancer, Solid Tumors, Low-Grade Glioma",https://www.drugs.com/tafinlar.html,https://www.drugs.com/mtm/dabrafenib.html,Multikinase inhibitors,https://www.drugs.com/images/pills/fio/GSK08470.JPG,,,,,Prescription only,Risk data available,Not a controlled drug, FDA approved 2013,,,,,
Tretten,,,"December 23, 2013",Novo Nordisk A/S,Factor XIII A-Subunit Deficiency,https://www.drugs.com/tretten.html,https://www.drugs.com/mtm/factor-xiii.html,Miscellaneous coagulation modifiers,,factor XIII,,,,Prescription only,Risk data available,Not a controlled drug,,,,,,
Valchlor,mechlorethamine,Topical Gel,"August 23, 2013","Ceptaris Therapeutics, Inc.",Mycosis Fungoides,https://www.drugs.com/valchlor.html,https://www.drugs.com/mtm/mechlorethamine-topical.html,Topical antineoplastics,,,,,,Prescription only,Risk data available,Not a controlled drug,Drug history at FDA,,,,,
Vizamyl,flutemetamol F 18,Injection,"October 25, 2013",GE Healthcare,Diagnosis and Investigation,https://www.drugs.com/vizamyl.html,https://www.drugs.com/cons/flutemetamol-f-18.html,Diagnostic radiopharmaceuticals,,,,,,Prescription only,Risk data available,Not a controlled drug, FDA approved 2013,,,,,
Xofigo,radium Ra 223 dichloride,Injection,"May 15, 2013",Bayer HealthCare Pharmaceuticals Inc.,Prostate Cancer,https://www.drugs.com/xofigo.html,https://www.drugs.com/mtm/radium-ra-223-dichloride.html,Therapeutic radiopharmaceuticals,https://www.drugs.com/images/pills/custom/pill33143-1.webp,,,,,Prescription only,Risk data available,Not a controlled drug,Drug history at FDA,,,,,
Zecuity,sumatriptan,Transdermal Patch,"January 17, 2013",NuPathe Inc.,Migraine,https://www.drugs.com/zecuity.html,https://www.drugs.com/mtm/sumatriptan-injection.html,Antimigraine agents,,"ibuprofen, amitriptyline, propranolol, diclofenac, topiramate, celecoxib",,,,Discontinued,Risk data available,Not a controlled drug,Drug history at FDA,,,,,
